transaction_id,date,product_id,quantity,total_revenue
dfb6f089-0fa3-4920-b5a5-bddb0c27c769,2025-12-22 06:24:56.000000,101,1,120
c93d0d69-7f58-4e72-9d9e-dc2d74e0199f,2025-12-14 22:49:13.000000,104,2,50
8b78e574-9ea1-4ba7-87cd-e15d3d05f655,2025-12-22 22:00:21.000000,104,2,50
8d9bd839-cc05-41f1-be2a-d7fda5e423f7,2025-12-20 19:26:45.000000,101,3,360
257b5b4e-85e8-49b4-8fb1-718c67135f4a,2025-12-26 05:49:31.000000,102,2,130
832c4f93-64a4-4921-9fa6-ccc0d597a7db,2025-12-21 02:34:11.000000,104,2,50
e9432e10-5c16-4f93-b9c4-e5d4ffb47939,2025-12-31 06:03:34.000000,104,1,25
f87a7926-515d-45aa-b060-53be7e6f1d41,2026-01-07 22:57:58.000000,101,1,120
193d41c9-a195-491c-8ecd-b205ee5e4dd5,2025-12-17 09:52:55.000000,102,2,130
2050bd3f-4e5d-458c-8a21-8d14191c951b,2026-01-04 22:19:10.000000,104,3,75
e38968ce-8629-4584-acfa-1598373b7886,2025-12-19 08:04:08.000000,104,2,50
d3c01bbc-6929-4c8c-bcfb-fa217b452377,2025-12-23 01:18:16.000000,101,3,360
8ea9de0c-17a7-4809-9033-7db5fdddc433,2025-12-24 12:21:46.000000,102,3,195
962be6bd-27bb-4241-b020-f0d99336c280,2026-01-06 13:48:14.000000,104,2,50
9b95745b-20f5-482c-8975-cca420f43446,2025-12-16 22:21:35.000000,102,1,65
79881731-bce9-4497-9ed8-78e7e64d8216,2025-12-09 21:54:30.000000,104,2,50
5e7be286-1ca6-4cce-9df8-303093d1e576,2026-01-06 13:36:47.000000,101,2,240
59f40844-37b6-429e-9567-eccab69022bb,2025-12-30 00:51:45.000000,102,2,130
deff5078-4736-479d-b4d0-63373bead4ee,2025-12-27 02:19:53.000000,102,3,195
62f0d860-3011-489c-8b3f-cc363e368c55,2026-01-03 03:45:27.000000,103,1,250
984c8b82-df9a-4d0e-881a-bae3c1877354,2025-12-30 09:24:21.000000,102,1,65
8fd260c7-f744-4528-93c5-e382e2eb69de,2025-12-16 14:24:31.000000,103,1,250
cf78695e-229d-4759-8675-02d1486988da,2025-12-28 01:01:16.000000,101,2,240
2e4237af-241c-4f0e-8171-a52bf39e6232,2026-01-02 15:59:41.000000,103,2,500
785cf238-4469-4992-a01c-79bdb105f053,2025-12-28 18:03:26.000000,103,1,250
02dee7bb-120a-4226-a0e3-ad7a7cb4b39b,2025-12-20 14:16:44.000000,101,3,360
383a8eed-464c-406e-a12b-e7fb6f46283b,2025-12-26 16:18:48.000000,104,2,50
b013fd98-feae-4dd6-a7a7-650beb3acff7,2026-01-07 22:28:14.000000,101,3,360
86b433e7-6fff-438f-accc-f13656bc213c,2026-01-04 08:04:36.000000,102,1,65
7328b330-f26b-4d94-92e5-d810ae70eb18,2025-12-24 06:48:35.000000,103,3,750
1bc3c971-df10-49a4-826c-f888ace3868f,2025-12-22 08:54:50.000000,102,2,130
cdf8b0d1-619c-48eb-bc09-b58558a30f4f,2025-12-19 02:44:28.000000,103,3,750
3bc4aff9-4f6b-4d4a-b9fd-073309adffd4,2025-12-21 05:31:09.000000,102,3,195
2f0a8b1b-8582-49e0-83dd-a9489069cb83,2026-01-08 15:18:48.000000,101,3,360
70f266c2-99e1-47e1-9e4d-6c12986f41ac,2025-12-28 10:59:02.000000,104,3,75
e78c771e-50fe-4c69-b45e-28402b3895c2,2025-12-14 18:59:28.000000,101,1,120
6b09f43d-f3ee-40ec-86d7-5b8a27b976da,2025-12-10 12:07:41.000000,101,2,240
0cdd3c4c-3478-488b-82b0-3aa36eb7e489,2025-12-20 04:20:55.000000,102,3,195
56c23f0a-fbdc-42d0-aae8-8210b545905b,2025-12-22 13:40:07.000000,104,3,75
bf561b34-ed83-447d-ac78-e3e5c0d46118,2025-12-19 21:22:14.000000,104,2,50
f0fe9798-dd8d-421b-9f27-fd85d57c1123,2026-01-06 11:58:05.000000,102,1,65
f91cfc5b-875c-45c1-a988-08bc4739237c,2025-12-10 11:50:04.000000,103,1,250
a0dfb20b-d365-4e48-bafa-0b88c7baf095,2025-12-18 03:39:24.000000,101,3,360
03c2714b-fcad-4ce0-b142-95a425f3156f,2025-12-29 05:39:53.000000,103,2,500
50a89625-da85-47cf-b904-e5f531722415,2025-12-28 01:23:11.000000,101,1,120
13611189-e1cb-457a-8fb0-063a8423040a,2026-01-04 11:44:43.000000,102,1,65
81f7031c-3177-41ac-a686-256a253af960,2025-12-23 06:21:20.000000,103,2,500
60a4fe1b-015e-4250-ba0d-e2276e82c2fe,2025-12-30 10:48:48.000000,102,3,195
af6f5266-da38-460a-9bba-04a6434b67c9,2025-12-17 10:54:43.000000,101,1,120
e0829048-956d-4e93-aef2-282b12303380,2025-12-12 16:04:54.000000,101,1,120
b73524f2-22bc-477a-a9d0-bda42292db3e,2025-12-19 19:36:44.000000,101,2,240
57ffb68a-89e1-426f-9c76-93ee53211a15,2025-12-11 15:58:20.000000,104,2,50
5b247f96-da36-48c7-ae1f-598f1ef37de8,2025-12-14 01:57:22.000000,104,3,75
03d4f361-e198-498a-92ab-eed3fd6b9143,2026-01-05 03:20:44.000000,103,2,500
0616fe3d-168d-4497-877a-f0c37448ae28,2025-12-10 21:05:35.000000,101,1,120
db36ef75-d953-4c99-8b83-86ec2e10d416,2026-01-07 03:28:25.000000,104,1,25
22852575-bf26-4bd8-a427-9a43166c3340,2025-12-18 05:47:17.000000,103,1,250
6d6dddb6-e1cf-46d7-9961-39e78e2085c9,2025-12-19 17:23:31.000000,103,3,750
e64882e1-245c-4836-9f15-bf83db191978,2026-01-06 19:42:26.000000,104,3,75
b6d1ea25-eb8b-4054-ac73-c812e2595d38,2025-12-16 18:14:51.000000,102,2,130
5fa0a260-ec8a-48d6-ba23-01ce486321df,2025-12-20 12:43:35.000000,104,1,25
384d7180-3f1b-4c87-9a5b-9aeb6173d90e,2025-12-29 09:50:56.000000,101,1,120
6746b477-8ac6-43c6-8c0d-8386f97f5127,2025-12-20 13:20:29.000000,102,1,65
fc451402-0b67-4638-b662-b6751803b1e5,2025-12-18 14:30:08.000000,101,1,120
c86eb8b1-4bf8-4595-afcb-e2fd04919ca4,2025-12-13 17:50:49.000000,104,2,50
6ee9758f-99b1-43a7-bf1b-ebc9c556dd82,2025-12-21 13:51:33.000000,103,1,250
ebfba732-db33-48c6-9959-3ae352d1d8d1,2025-12-25 21:48:40.000000,103,2,500
2bb68a81-f29f-4298-9421-04365bab26c2,2025-12-27 23:42:43.000000,104,1,25
beca8acc-6f9a-4b77-9986-989290f6cd09,2025-12-25 08:26:00.000000,104,1,25
db9d5c5b-b390-43e1-b3d9-35e766686f47,2026-01-05 11:22:22.000000,104,2,50
5af1897c-e59b-44e3-b9a9-ec3d5514ad3f,2025-12-11 20:26:11.000000,103,2,500
b3cbd5ef-1126-4baa-a8a3-500644780ae2,2026-01-05 21:45:41.000000,103,3,750
0a6ccabd-8189-4257-8bf5-ca29cbfdae5d,2026-01-07 07:57:04.000000,102,3,195
e2f2c83d-f81c-49ad-b04f-e18de968e90f,2025-12-31 05:59:48.000000,102,1,65
4a57e67a-2981-4379-b55b-8c8a6b9771da,2025-12-15 16:12:43.000000,102,3,195
1166c150-1313-4bc6-ad54-39d9b1dbbe72,2025-12-23 06:45:24.000000,101,2,240
35245cd3-1310-4991-8323-48160e66689b,2025-12-25 17:28:27.000000,102,3,195
03314209-4d57-49d4-8994-df970b73b896,2026-01-08 01:36:47.000000,102,2,130
64c87407-610a-48fd-b392-1a8ff22c6181,2025-12-26 20:07:01.000000,102,3,195
7c286722-b1b1-49f4-9716-f568cd0d0d8f,2026-01-04 16:57:02.000000,102,2,130
7ffbae48-81cc-44a8-b160-690e3b040c56,2025-12-23 19:44:57.000000,103,2,500
c6fe59ee-3ac2-4b91-bf06-a6105357aa60,2025-12-21 23:18:02.000000,102,2,130
0eb4b513-626c-4810-a7cc-0eb8d47c999e,2025-12-26 11:46:14.000000,103,3,750
6b66bf63-3b2d-43f0-81a3-864f2e24782a,2025-12-23 11:17:37.000000,104,1,25
1c0a6aa6-4db9-48dd-b910-b2a29f56967a,2026-01-05 08:48:18.000000,102,3,195
89c587b8-8cb1-4a12-853e-1df5438269c9,2025-12-11 01:18:59.000000,101,3,360
778c8e3b-7196-475f-a8f7-d2491841765e,2026-01-08 05:41:10.000000,103,3,750
5c71174d-7176-4e44-9112-e818e745102a,2026-01-06 03:26:24.000000,104,2,50
c9b0aa89-63e0-4d61-b7c2-78f1123a7b82,2025-12-22 15:38:09.000000,101,2,240
44116720-dd7a-4356-81df-f6fb539dcad5,2026-01-02 20:51:08.000000,104,2,50
0ab7a721-24e7-4728-bd1d-20bd0d2b24ed,2025-12-22 16:44:51.000000,102,3,195
b8e670e5-9c9f-4f58-9683-efcf275433b2,2026-01-08 10:35:17.000000,101,2,240
63076687-e6bb-4185-bd95-bb7f96f7bde1,2026-01-03 01:35:56.000000,103,3,750
c27af35b-a217-437d-a433-7c3933e4ae79,2026-01-07 04:02:58.000000,101,1,120
77f83390-60ed-47e7-af35-6ad49897007c,2025-12-12 23:42:47.000000,102,1,65
2364cfa0-1323-406e-b1e9-a70b75e41cd8,2025-12-28 05:06:01.000000,102,2,130
529b244f-f1bb-4866-9a1d-21551dd2aa2c,2025-12-15 20:45:48.000000,103,2,500
c5380529-3f05-421b-be57-322de0d8e14a,2025-12-19 07:02:29.000000,103,2,500
8d715b90-4ecf-4e85-b5b6-f2ee9a686a2e,2025-12-09 16:42:35.000000,102,2,130
05e5ec76-b92b-456b-b2a3-cfed2d2b5a56,2025-12-15 10:06:25.000000,104,3,75
54445df6-d42b-42db-9001-37561966bf20,2025-12-18 14:32:16.000000,101,2,240
551273ad-a3f9-4f2b-9c7b-4cf92aece3e1,2025-12-12 14:13:29.000000,104,3,75
b19c4847-5fbb-4dfd-9663-93e2106c0f1a,2026-01-06 13:53:25.000000,102,2,130
e6503150-8e83-4b76-b7e4-4fd7badd82ab,2026-01-01 13:33:03.000000,103,3,750
0eae525a-be06-464e-898c-d6b5eaf3d2f1,2025-12-22 13:37:28.000000,103,1,250
ed503b76-1567-4ed2-8aa7-3e8e66a4eb91,2026-01-03 20:54:57.000000,102,2,130
a0bfb6b0-89e8-4924-8109-28cfa2533da1,2025-12-19 18:12:31.000000,103,3,750
cbcc477d-396d-4d68-8c44-a23ccdeebe42,2025-12-26 22:13:07.000000,103,1,250
220ac9c6-f757-412c-aba7-b943ef03fdcd,2025-12-13 12:10:19.000000,101,3,360
504f6631-5149-4c90-9d32-e9bf66b18183,2025-12-26 12:45:09.000000,102,1,65
79da6cf6-9476-43f2-8ff7-c6873cbd71c4,2025-12-27 23:16:14.000000,101,2,240
0c8f1b88-a7f2-4c4b-beaa-bbdfdd716011,2026-01-06 02:48:49.000000,102,2,130
943230cb-3fca-4aa6-8d4c-a541ec316ee5,2025-12-20 22:01:40.000000,102,3,195
e2e35594-ceec-4a24-ae09-93932ef83d64,2025-12-18 03:21:49.000000,104,1,25
d46b2b6b-7ecc-4fca-ba46-4ed81818ac02,2025-12-17 20:30:38.000000,103,1,250
f7d29dbe-08a7-4d1f-b53f-8de398e22617,2025-12-22 22:37:31.000000,103,1,250
e334f962-131b-485f-8db1-9489621dd46c,2025-12-14 14:52:44.000000,104,3,75
88dccc78-b4e0-400b-8c11-1f30c43a85b9,2025-12-21 17:51:44.000000,103,1,250
233f101d-27e3-43d5-aca0-31123fda2f63,2025-12-27 17:10:33.000000,104,3,75
e88166a0-6d39-46aa-bbf2-e67f100cf308,2025-12-14 04:58:43.000000,103,1,250
98fb1c6b-6011-4a67-aba6-288bf4389689,2025-12-29 02:29:30.000000,104,1,25
dc4e35ac-1157-4493-9bc6-1cd6f8dad1d0,2025-12-23 20:44:41.000000,103,1,250
73d43130-e0a9-4d35-981f-c230f95b1c00,2025-12-25 07:15:28.000000,103,1,250
52bf10cc-5a61-415b-bb87-58cce7ae690a,2025-12-24 20:24:46.000000,103,3,750
ccc301a5-7a49-4942-a9bc-3b1b914db100,2025-12-14 08:42:01.000000,103,3,750
4076ae2c-dcad-4311-ba77-fb6998cff6c2,2026-01-05 11:21:35.000000,103,1,250
9394e159-270f-48b9-b6ba-05110462e880,2025-12-31 15:45:45.000000,101,3,360
c549249e-f5c1-4b00-aa47-c80316bb1c71,2026-01-02 10:33:47.000000,102,2,130
9030573e-5eed-4e01-ae21-284488cc92f9,2025-12-22 14:25:23.000000,101,1,120
f18d11f3-cad5-45fb-bc10-8e8fc91ad6fc,2025-12-16 05:23:36.000000,103,1,250
4338cccc-e845-4c68-af88-ed257e0904f4,2025-12-21 13:38:51.000000,102,3,195
bbf7b049-47dd-4487-af3a-2b03acad6100,2025-12-18 08:32:47.000000,101,2,240
73466d3d-cea5-4b8d-8d29-7c43eb76f148,2025-12-19 04:58:13.000000,103,3,750
c7c83d22-57e3-4b02-b6d7-8761b3da8390,2025-12-25 23:55:34.000000,101,2,240
e45db3be-b7d7-45c0-87be-02d91597f668,2025-12-16 19:22:32.000000,104,2,50
b88cd060-cd79-4323-8a73-29505a16cf02,2025-12-17 13:57:38.000000,102,2,130
0afa3836-8cc5-48f4-92c7-2fe81f79d7bd,2025-12-26 09:54:01.000000,103,3,750
15cf883f-d153-4001-8874-41535507edf8,2025-12-10 22:17:30.000000,104,3,75
c5a5f779-20c0-447d-9ee5-81d01ee0b5ec,2026-01-01 15:58:50.000000,103,1,250
c995a3df-d26b-4188-98e4-61e5c2e838c2,2025-12-31 23:52:40.000000,101,2,240
4e4d8120-ffdf-44ae-bf9f-2405f56b9a68,2025-12-16 12:19:01.000000,103,1,250
6ab4279a-d9f1-4456-8699-cc6a83870879,2026-01-07 17:44:31.000000,101,3,360
00820dec-7a3f-4a26-a243-6155573877da,2025-12-19 10:13:54.000000,103,1,250
170e8586-0edd-40de-9847-0adf36ef726e,2026-01-07 10:25:42.000000,102,3,195
05b0fd7d-e56b-4f3e-aa44-5f7b5e3998ee,2025-12-14 00:15:36.000000,104,1,25
1cb7b09d-aafc-447a-a97e-172fa0fa1c46,2025-12-29 23:40:57.000000,101,3,360
cecdc25f-cfcd-4e42-90a7-84f93dae5831,2026-01-05 11:08:30.000000,101,2,240
a606e495-e405-4271-9f1b-a9a134e35f03,2026-01-01 21:21:59.000000,102,3,195
9b27825e-ab97-4fb5-b6bd-a13b1108d979,2025-12-18 15:09:19.000000,104,3,75
0021e72b-bb3f-45b3-b1d5-9a8c4fbfb24c,2025-12-12 09:00:07.000000,101,3,360
5fca7a18-d375-4642-80a9-74b6e6eb85e6,2025-12-28 18:42:14.000000,101,1,120
19c01746-92f7-4d53-b5a7-e1184be74a0a,2025-12-12 09:50:23.000000,103,3,750
8eabe176-57fa-45d1-8557-7e2dbdedaf4f,2025-12-09 20:42:24.000000,102,3,195
fe5f6f5a-146f-4d0a-a68d-23226b931a7a,2025-12-29 10:19:08.000000,101,1,120
73c4eb8f-284a-4ab9-9fd8-b7aec64b6346,2025-12-25 18:37:26.000000,104,2,50
aebe289a-5dca-4db0-877c-7e262110d6ef,2025-12-26 17:34:23.000000,103,3,750
2bf94fb3-0842-4353-b6f1-0cc1bc22e8e4,2025-12-10 08:48:24.000000,103,2,500
15531b97-4d72-470e-822e-1ab8b816b143,2025-12-15 10:35:26.000000,104,2,50
b2d240a1-7c86-4f6a-8fb5-1f03c544128a,2026-01-06 01:51:53.000000,104,2,50
a0afc90a-cf7e-4f07-b101-df7e6a87f11b,2025-12-17 10:15:00.000000,101,2,240
291468b2-178c-4e31-9c18-9684cebd5b10,2025-12-12 03:46:35.000000,101,2,240
d32d6f92-5292-41bc-b581-89cca951be71,2025-12-27 08:28:32.000000,102,2,130
23921137-9b45-452c-b346-36914c456ce1,2025-12-14 00:40:38.000000,104,3,75
2e12f9a2-765d-4f60-9605-29b205c5e19b,2025-12-14 15:54:26.000000,104,3,75
8e129a2c-ad01-4f73-b2af-0de1ed9d72c4,2025-12-19 00:16:51.000000,103,2,500
85485796-8f54-4844-b0a7-23d3a454a615,2025-12-16 13:42:36.000000,101,3,360
0b37a4ae-8304-4591-9f8d-60ae40393231,2026-01-08 11:40:49.000000,101,3,360
d1bd14db-efc7-43d7-831f-5c734b6dfa30,2025-12-24 09:56:11.000000,103,2,500
f7c05313-eb21-4402-838f-fddadf943d42,2025-12-11 21:27:58.000000,102,3,195
28c3e027-e920-4916-8df7-bbf81bd060e0,2025-12-23 17:55:31.000000,104,2,50
9f52c85b-7762-4cbf-bea8-2e674b17b7af,2026-01-03 22:26:50.000000,102,2,130
d0cb126f-ac4c-43dd-8a25-adacea390e87,2025-12-28 08:30:34.000000,101,3,360
233b180c-9021-4d13-929c-b065969e528c,2026-01-07 12:17:52.000000,104,2,50
0b95b0e9-aa1c-4c86-a0a5-3b04788f2edc,2026-01-05 08:04:26.000000,102,1,65
3655d909-24b3-4c2d-b545-9f3ccf73cbdb,2025-12-17 14:06:50.000000,104,1,25
61d7c573-797c-4c91-853f-3374aece57ec,2025-12-10 01:52:28.000000,103,1,250
ea633eb8-a8cb-4ee7-a0a0-5a3da2dbfff6,2025-12-14 21:19:00.000000,104,2,50
c6c0018b-3c96-4f92-b3d3-7b682136bab0,2026-01-01 02:32:12.000000,104,2,50
6b5d7e9b-a813-4ede-8d5e-b44b81ed55de,2026-01-04 21:27:55.000000,101,3,360
1d6fe39d-da34-44ce-bb0c-1f5b706a56c3,2025-12-29 01:40:50.000000,102,1,65
59caad84-60fd-41c7-aa83-8cda2a6cf18e,2026-01-06 07:16:32.000000,103,3,750
e74328d2-0fda-4358-a4b2-e1416aed5ad7,2026-01-01 22:13:48.000000,102,1,65
d7deb3f7-2a43-44e5-b8a3-c969b2b86a8c,2025-12-29 19:17:44.000000,103,1,250
60698009-666b-4c08-92d4-56de9c264b4d,2025-12-24 10:12:50.000000,103,1,250
665e1881-249e-4f21-abfb-d0127b0ca761,2025-12-16 05:08:21.000000,103,2,500
7dc11890-3156-4f4b-817c-99a5a8b6b0ce,2026-01-01 22:39:28.000000,103,2,500
8bd0c422-e737-427d-b5bf-89175df2cd5f,2026-01-08 09:23:18.000000,101,2,240
8aeb9906-ca2b-4103-bce7-a55dcb11c9f2,2025-12-14 22:53:10.000000,101,1,120
a5730e44-c026-4cdb-a7d3-e984697b2e2e,2025-12-18 07:23:40.000000,102,2,130
7b563cad-0f5a-46c5-88c9-027e21cb2329,2025-12-19 05:47:16.000000,104,3,75
1861d206-9adc-440a-a6a0-c834666fafbe,2025-12-19 13:11:12.000000,101,1,120
7c093d26-461a-4bb4-831e-c341fe1321ff,2025-12-22 18:04:32.000000,103,3,750
a420a22f-6720-4bc3-908b-56917be55e01,2025-12-22 05:30:56.000000,102,1,65
99a3cdd9-84da-4442-b96a-fac61f9f3db1,2025-12-24 11:45:57.000000,101,1,120
785e5160-7fe3-4058-9c72-6d52ff8081ea,2026-01-07 08:17:39.000000,102,1,65
63f40e09-335d-43b7-8a66-001e9afb288c,2025-12-15 11:06:40.000000,103,3,750
d6c92efd-c0b7-446a-b673-b7e62973cab8,2026-01-07 04:03:49.000000,101,1,120
f99abf83-26f8-49a2-87bb-568b54198837,2026-01-07 23:59:39.000000,101,1,120
4430f866-6561-4843-b12b-77d4afb24e45,2026-01-03 15:20:05.000000,101,3,360
9dccc0dc-60b5-4a00-b2c5-6ed4cb1b0001,2025-12-26 01:17:28.000000,101,2,240
0467360e-bff5-42a8-9eab-4878c2e98f5e,2026-01-07 05:24:15.000000,101,1,120
90ab8928-3cd0-458e-89f1-dab8e6978d6e,2026-01-01 09:55:55.000000,103,2,500
67400471-54dd-4d13-a8ee-0530f41af7eb,2026-01-07 09:01:52.000000,102,2,130
61711b29-7a12-4ea8-82e7-4fb34e28f870,2025-12-24 08:14:28.000000,103,3,750
ecee8240-1195-4a96-8efb-87c440d1d529,2025-12-25 01:13:42.000000,104,3,75
58eef6a3-dadc-4887-9ef8-cf568ed55cdd,2025-12-13 12:30:32.000000,102,2,130
72ac3216-71d4-4a4c-b449-52537b1cf773,2025-12-13 12:35:53.000000,102,3,195
7008fdb5-bad0-464d-9e59-6e77fcc8d5a6,2025-12-30 11:42:40.000000,101,3,360
b2c00812-8e3d-4638-b57c-e47fe6e08b08,2025-12-28 02:44:20.000000,101,2,240
5b42eafb-13ad-4ad4-b70c-d9ba44186adb,2025-12-18 17:11:49.000000,103,1,250
49503d38-251b-4403-96ba-6ecb155f9f7d,2025-12-24 03:49:29.000000,103,3,750
f10226b5-f95e-4ff5-836e-4dd251eabbf3,2025-12-29 22:01:26.000000,101,1,120
8b66498c-1bc6-4821-9f48-6e211e457cda,2026-01-01 16:33:01.000000,103,1,250
cb107b60-5cf5-4bcc-a429-f03c618b56f1,2025-12-17 01:09:36.000000,102,3,195
8c893355-61d7-488d-aaa7-6c2170b5ab1e,2025-12-13 19:37:43.000000,104,3,75
a587d9be-f50c-4c20-aa78-56b7385db1f6,2025-12-18 03:06:21.000000,103,2,500
71807c81-73a8-4982-a668-69f60e7a218a,2025-12-11 08:15:26.000000,103,3,750
a8515809-0132-4169-ad43-48564dce147a,2025-12-22 03:22:33.000000,101,3,360
2288602b-6f13-4bd6-b32e-7fc4604b0006,2025-12-12 20:27:41.000000,101,3,360
9019b8cd-4318-4d88-bba3-e6f158a7af3c,2025-12-31 07:39:14.000000,101,3,360
a3e67755-81d8-4ac1-b182-d982a4f3b1e6,2025-12-10 22:27:17.000000,103,2,500
0c035772-778d-4957-adeb-6c94a4123c02,2025-12-14 05:10:10.000000,104,2,50
18eef83a-86f5-4061-bb9b-0eaec0f053c2,2025-12-27 17:23:19.000000,101,1,120
01678060-3d51-4123-8817-51905aa5b483,2026-01-07 06:25:08.000000,102,1,65
a024631f-90c2-4313-9b18-3ac50c123e1d,2025-12-23 14:30:13.000000,104,3,75
db4eee12-cf41-4f58-96a6-7f9cf369103f,2026-01-04 23:41:06.000000,102,2,130
e52a87d7-c3f9-4db3-a22b-f0fc3747dfc0,2026-01-02 01:51:13.000000,104,1,25
aa0b67ab-6235-421a-ae03-36011acd96b7,2025-12-24 04:09:26.000000,103,1,250
2d910eb7-1ab5-40c8-b0d4-d1031d80c849,2025-12-10 11:13:33.000000,103,3,750
2733f97e-4f0e-4113-97ed-903ed07f832a,2025-12-27 01:51:36.000000,103,2,500
c954a492-b6c8-4b0f-8b48-d58ed65b589e,2026-01-04 14:11:06.000000,104,3,75
dba1f2de-99fb-4bf3-adc9-72075bb291d6,2026-01-07 19:14:23.000000,103,2,500
2936e93a-f570-492e-96a1-11dcbe384574,2025-12-23 18:06:59.000000,103,2,500
aa2c92b9-7b04-41fd-b5f6-02eda73a358e,2025-12-12 17:31:03.000000,103,1,250
d5a22be6-528f-4801-a820-7f777838d5c2,2026-01-02 10:37:52.000000,101,3,360
e0798ffd-a597-41b0-8065-fdbffd077f9d,2025-12-30 10:52:45.000000,102,1,65
25fa06ad-41e1-4f8a-b9ec-6737928235a8,2025-12-25 13:36:30.000000,103,3,750
aba1f310-5caf-45e0-b5ed-97ad7b77b6cf,2025-12-25 19:01:22.000000,101,1,120
7639b602-1470-42bf-9497-8c5ac1aa40eb,2025-12-17 11:09:23.000000,102,2,130
2b209303-b886-4e35-a3fc-d7f15d61ae9c,2025-12-14 13:31:23.000000,103,2,500
94f5a05f-6b91-458a-ba37-8d164f4cf67d,2025-12-24 16:59:10.000000,101,1,120
22674e9a-5472-4193-af27-2cdb6e2bfd4b,2025-12-23 15:49:38.000000,102,2,130
5ae5f622-4f5c-4c1a-ab36-cd6cd0047bc9,2025-12-12 18:26:43.000000,103,1,250
c2bb1a1c-ee98-4873-82da-269bb3066bf9,2025-12-16 17:21:38.000000,102,1,65
064921b6-c5d0-48a6-8d73-d1922bb2ead2,2025-12-21 06:14:27.000000,102,3,195
ba64b10d-29d4-4f89-a706-4abada3fc529,2025-12-15 15:10:38.000000,104,1,25
1dca2b8e-f730-4b99-a9b3-754af47a7e5a,2025-12-30 11:45:04.000000,103,3,750
ad09baae-12a9-4a9c-83c4-c405f778c392,2026-01-06 16:25:20.000000,101,3,360
d46ea8bb-575c-44a5-ad34-5a2c6f8adf00,2025-12-19 18:53:20.000000,104,3,75
625a5d11-1614-4b08-b17f-0a9cd0be546c,2025-12-24 23:41:40.000000,102,2,130
b74ba0ed-22d3-4dcb-af5b-8141bb6a4d3b,2025-12-19 07:19:33.000000,102,3,195
1913eb01-e3bb-4fab-a63c-d4fa11ad3bd7,2026-01-06 17:29:13.000000,103,2,500
db9490eb-3d76-49db-a64f-a008322542a0,2025-12-21 11:09:44.000000,101,1,120
4df76c1a-d979-4f2b-9760-c55427fc9708,2025-12-29 11:16:12.000000,104,2,50
98b153ed-0a1c-419f-b0f0-b603d65f169d,2025-12-19 18:58:14.000000,101,1,120
f5862b00-7ec6-472b-ab38-fde274284784,2025-12-26 21:16:58.000000,102,3,195
969bdefc-c7e2-4b48-9fdc-985e96e27277,2025-12-27 16:29:01.000000,104,2,50
74fefbe4-ddce-419e-90ce-606562509aed,2025-12-14 01:04:28.000000,103,1,250
ec44c9b4-7f4c-4ca4-86be-bd9204c26fdc,2025-12-16 18:16:47.000000,102,1,65
06b820aa-5750-4e3c-bcf3-397c3d45e8c8,2025-12-27 09:57:00.000000,102,2,130
a66cbe7e-8121-43bc-a0b0-3ce790f6f6ee,2025-12-22 22:06:42.000000,104,1,25
78edffd0-f090-41c8-af72-7b858276e40d,2025-12-14 09:02:43.000000,104,2,50
c27302b6-c2c7-413f-af84-2397ec8d9aa5,2025-12-28 16:06:00.000000,104,2,50
ff6bd634-5464-48d2-bb5b-5510dd38d1a9,2025-12-27 04:56:58.000000,104,3,75
b9df3d28-8869-45bf-b77c-99a0f6ed40df,2025-12-20 12:38:10.000000,101,2,240
03230bc8-0825-4dc4-bb19-d611013e292b,2025-12-10 19:25:49.000000,102,2,130
6fbbaec7-024d-4b2b-a614-711ec198bf76,2025-12-13 20:37:23.000000,101,3,360
bbdb1c7f-36fd-4216-b6f6-0e66d9c8d075,2025-12-29 11:42:42.000000,101,3,360
dc084b5d-dcc7-4f70-9555-06a5c17065ee,2025-12-25 09:42:41.000000,101,3,360
4fe433a9-51bb-484b-a678-768dd1d4a545,2026-01-08 16:32:40.000000,101,3,360
b2108567-12d7-48f6-8958-513d0e61cad2,2025-12-19 18:11:38.000000,101,1,120
23086169-88c9-4b9d-8f4d-017b0634fce7,2025-12-11 01:30:47.000000,103,1,250
5c46607b-bcc9-40fe-84e0-3c235262cde4,2025-12-18 03:18:27.000000,103,1,250
538a3849-ed9c-4db7-a30b-11de1c743542,2025-12-13 14:16:15.000000,104,2,50
b0886375-4712-422a-89b7-9738ab01629f,2025-12-26 02:58:58.000000,104,2,50
fafd6c54-6e67-43df-96a9-a1fe9053c611,2026-01-02 13:21:18.000000,104,2,50
33500db7-0677-4c05-a6f9-2326682cb7b6,2025-12-11 17:26:25.000000,103,1,250
2df2a90c-f740-495c-aae6-fc5614a89ff4,2025-12-10 03:12:50.000000,104,2,50
eae8e0c0-83ba-494c-be7f-9ff1dde2b536,2026-01-08 14:13:49.000000,104,1,25
df1101db-7f58-432f-a073-4dd6f28703c5,2025-12-13 11:56:31.000000,102,3,195
56f25b92-4ce7-41f1-a0ca-2ee6d92da34c,2025-12-25 18:40:53.000000,102,1,65
5530fc01-4de9-4916-8355-600d4c441dd2,2025-12-29 08:44:07.000000,102,2,130
215a76e2-a940-46a4-bf51-e973ed839944,2025-12-22 19:23:26.000000,104,1,25
a61748f6-5297-4460-9050-019d55156541,2026-01-08 03:08:28.000000,102,1,65
e32b2490-f9b6-4da1-9996-d1eea7156f30,2025-12-28 00:58:09.000000,102,2,130
bbabe404-74c5-40a5-bde9-d1e0f27488d2,2025-12-24 12:33:43.000000,103,1,250
1f25ffbc-8d02-4723-8524-c828731ec791,2025-12-16 21:03:24.000000,103,2,500
3f610fbd-2c29-473f-9661-d1b79dd46af7,2025-12-25 17:27:43.000000,102,2,130
271d11fe-3fa3-4fcd-948d-0e8019757e1b,2025-12-12 19:06:57.000000,103,3,750
a5a284b5-daea-4d17-8117-fc6ae15b16ff,2025-12-27 14:54:13.000000,102,2,130
5536ae36-a2e5-4aa6-9500-40fc6c0c827a,2026-01-02 20:44:05.000000,103,3,750
c2d9441d-4b6f-4079-b85f-6ebb29fc5998,2025-12-15 10:04:54.000000,103,1,250
76c55d0d-3662-4bc1-b225-75fda5bfae26,2025-12-29 07:46:54.000000,102,3,195
d2556756-45d0-437e-8a22-51ae0646ec5e,2025-12-14 05:25:47.000000,103,3,750
7421d23a-3f29-4a72-891c-c9d4e2edc8b6,2025-12-28 23:27:37.000000,103,3,750
3c4af66b-43eb-4c66-a266-e23a9d4c1714,2026-01-04 18:18:20.000000,101,2,240
3724a3a7-7f64-4b65-9bdd-5dfcd42a77ed,2025-12-11 07:47:49.000000,103,2,500
e1abe40f-4979-420f-a2dc-b754071f2e85,2025-12-25 05:40:23.000000,101,2,240
debe1009-8a39-4ad4-b161-572448f9f96b,2025-12-12 02:42:14.000000,101,3,360
f0df86d8-c55d-43f5-915e-d2ceace0165e,2026-01-07 05:10:03.000000,104,1,25
1c5efb16-17b7-4e96-bff1-e9ae742e27e2,2026-01-02 12:31:55.000000,104,2,50
ea5fefe9-9934-4374-8edb-94d4fdc7a6c6,2025-12-11 12:01:58.000000,102,1,65
daafccf0-9607-454d-9693-c1812b4a7fb9,2025-12-12 08:10:59.000000,102,1,65
75ace33d-eb64-40ff-a0a6-4f4ba9a78bcf,2025-12-26 21:26:03.000000,102,1,65
1cbc9b58-2df7-4009-a23d-7fb228342eec,2025-12-09 22:38:31.000000,103,1,250
07a9f40c-ed33-493d-981c-98a10a7ea688,2026-01-04 22:20:21.000000,101,1,120
8ff47369-66c6-4009-b314-57d8bd5c45d2,2025-12-23 11:59:01.000000,102,2,130
146b02ff-92df-46a8-8f3b-6a08e88b3120,2026-01-01 12:06:32.000000,103,1,250
60574f20-fff1-40e2-ac4c-22d092accbc5,2025-12-11 04:50:15.000000,102,1,65
8bb47358-c495-409f-b229-cce00d13d136,2025-12-22 18:27:51.000000,103,1,250
b2b206c5-7536-4b0d-abab-fe55a4893ed3,2026-01-03 21:21:40.000000,102,1,65
36329cb1-0aa1-4d15-b30a-b13feeb112a3,2026-01-06 12:23:31.000000,101,2,240
12aeffc0-d99b-451d-b2b4-3ea187b728af,2025-12-30 00:55:33.000000,101,1,120
8ae8f8e2-1210-497e-bb82-0430b7ebe4d9,2026-01-05 01:05:14.000000,101,2,240
63ea0efd-828b-43ac-ae39-46d834a3c1cb,2025-12-22 02:11:10.000000,101,2,240
d47dae3f-836d-46f4-8846-2c126bfe852b,2026-01-07 20:33:22.000000,104,3,75
2e534ab6-3c37-4ae5-ba78-76fa41007a7b,2025-12-27 20:44:51.000000,104,2,50
d31e510c-d6ed-499e-bc25-aca4bbb2fc14,2025-12-29 14:56:22.000000,103,2,500
5c37242e-4d19-45a8-83eb-9725144c13a5,2025-12-21 04:43:24.000000,103,2,500
675b8a15-a1e5-4f12-b2a3-b2851a0864f9,2025-12-18 17:15:31.000000,102,3,195
de4e4b32-100a-4c04-850c-6c5a777c2853,2025-12-18 02:07:40.000000,104,2,50
08ea3dcf-d8f2-4831-a4de-0b48df7bed0c,2025-12-31 12:01:12.000000,104,1,25
1bffdee6-c281-416f-89a1-93ffe9bc8ffa,2025-12-25 18:53:48.000000,104,3,75
dd78dfed-5c68-4cf7-b6e8-ae9e0cff9ca4,2025-12-16 00:43:49.000000,104,3,75
4a66f18f-498f-4836-b4c6-7a804213f426,2025-12-11 18:23:22.000000,104,3,75
d7d84d62-2afa-44ba-9362-73585854a765,2025-12-20 07:16:31.000000,104,2,50
964ca87e-cb44-4563-b1e2-62a17302138a,2025-12-21 18:21:30.000000,102,2,130
366e9ddd-8185-4cc3-a388-e8ff859edabd,2025-12-14 23:25:53.000000,104,3,75
a1095787-1716-4e03-b1a2-b5bbc5690e70,2025-12-15 20:39:43.000000,104,1,25
ed65b339-0999-4128-8077-299d6485d99b,2026-01-08 02:46:13.000000,103,2,500
59e52670-3f6f-454a-b037-cbd13852b711,2026-01-05 12:39:57.000000,104,2,50
3c8f3eb0-164d-42a5-85f0-e819f1247124,2025-12-17 10:24:03.000000,103,3,750
b5247258-76a2-411e-984c-0e5fbc317136,2025-12-11 17:25:37.000000,104,1,25
401062ea-bcb3-464a-b5d1-75153fd0f055,2025-12-29 21:08:31.000000,103,3,750
e17e1078-b8fc-4f5e-961d-4157cb736e33,2025-12-23 14:31:10.000000,103,1,250
ca6377a3-1446-4d47-bd51-5ce337f8b18c,2025-12-11 21:30:54.000000,101,2,240
d9d287a6-ec45-4e34-acb3-5002a5d8175f,2025-12-20 18:53:45.000000,102,3,195
bf888f92-75aa-4f12-abf6-11d155cdaa9e,2025-12-18 23:52:56.000000,104,1,25
b44cc1bb-6b66-4ced-bb27-408cd8723579,2026-01-06 21:03:29.000000,101,1,120
d4ead50e-5158-406d-84a7-4649a162dd08,2025-12-23 18:27:24.000000,101,1,120
e678a730-1ff7-4677-bf13-f2960d0dd22a,2025-12-22 06:05:58.000000,101,1,120
2c7cb71b-7af6-4a14-827f-57dcada7ec35,2026-01-08 06:43:30.000000,101,1,120
2df9094c-0373-4ffa-aa55-3de7374c835f,2026-01-05 07:01:58.000000,101,1,120
2e35add2-c801-43cd-8312-956421da5ba7,2025-12-16 19:40:25.000000,104,2,50
aed254d7-08b9-4e79-ac16-4709f2162ec3,2026-01-02 06:41:50.000000,102,3,195
ded32576-ca4d-4020-8adc-e516b8061770,2026-01-03 02:08:08.000000,101,3,360
c7ef55f5-7adf-47b8-9aec-b1c45699b06a,2025-12-29 12:49:00.000000,101,3,360
8669f595-7c88-4ebf-a424-af7545dd0aab,2025-12-29 01:47:00.000000,101,3,360
3fe9d20a-4f76-4ad8-a21c-6a3f028571e6,2025-12-25 23:16:26.000000,102,3,195
c0e3b778-ace1-4a04-98ec-b8032e742dbe,2025-12-16 15:54:45.000000,101,1,120
520a91e8-1a51-4a14-89e2-467e107d405c,2025-12-13 03:42:26.000000,103,1,250
efb3cb3e-0ba6-4992-a7ed-725ec50db133,2025-12-21 14:34:47.000000,103,3,750
ed22a40b-cd49-436e-bda5-687063f1f39c,2026-01-03 19:08:55.000000,104,2,50
bf50f3b2-6620-4877-85f5-f3f2300f49ab,2026-01-07 16:25:19.000000,104,1,25
0dcb4eb1-67db-4bfa-8382-b28656703553,2025-12-19 01:21:59.000000,102,2,130
028827ca-ccc5-4a77-bd62-fbe4d6c5fb8a,2025-12-22 05:01:59.000000,104,2,50
7f9c8e5f-f258-4b62-b5d6-25846a20a924,2026-01-02 03:30:59.000000,101,2,240
6251f310-eb6d-494d-addf-7c305f320f98,2025-12-24 16:12:55.000000,102,1,65
9b090006-5db2-4a94-9749-be897b5973ce,2025-12-28 18:02:03.000000,103,2,500
a96751c9-5e86-414f-a3f3-968978c6bea8,2025-12-24 20:10:08.000000,103,2,500
3b1742d1-21f4-4208-b4d2-3647a2ed87c7,2025-12-21 13:19:07.000000,101,2,240
891948cf-e2e6-4cf5-aeb7-fd2827f79a49,2025-12-28 03:29:41.000000,103,1,250
5a9c11f3-dc22-4feb-b361-578e4149df75,2026-01-05 08:41:57.000000,103,2,500
9872b510-e233-4fb1-9929-228de1d40fb9,2026-01-05 15:06:50.000000,102,2,130
e3747322-d7d8-4c10-b499-350ddd658dd3,2025-12-10 20:16:48.000000,103,3,750
8b3ebb86-6ee7-4e8c-a088-2c3827eb8ebd,2025-12-19 21:15:53.000000,102,3,195
efd87df0-db27-45ee-a6a2-f6c16b634252,2025-12-16 18:05:40.000000,101,2,240
b9bbf73e-cbd5-47e1-a980-27938aecfdf9,2025-12-25 03:26:45.000000,104,1,25
c78eddc3-8477-41c8-9435-b82a16e91030,2025-12-15 23:38:26.000000,103,3,750
f1f17109-371f-4d32-9e0f-faf6bf76eabc,2025-12-26 06:03:25.000000,103,1,250
16d2ef18-219a-413b-95cc-7ef2abdde0e5,2025-12-20 16:15:56.000000,103,1,250
4b42039b-27de-416e-8de0-ae6fa2d232f5,2025-12-28 08:21:29.000000,101,2,240
cfdbe467-91ee-4c9f-94c4-fdede3b68125,2025-12-18 20:44:02.000000,103,1,250
900015df-ba5c-480d-863f-54ec004b4658,2025-12-29 02:37:58.000000,103,1,250
3e93438b-7a7d-439e-b091-5bf78cec4006,2025-12-15 16:33:50.000000,104,2,50
d5d40c64-9443-4a55-8470-c964e2295204,2026-01-04 00:53:56.000000,101,3,360
23e325f3-bb09-49c1-94b3-964d03b9c054,2025-12-23 08:26:44.000000,104,3,75
4dccf430-854f-4965-bec8-358763d8c76f,2025-12-22 11:20:59.000000,102,1,65
06f99a20-1002-43bc-8fb0-11ab1056e1ca,2025-12-15 17:28:09.000000,104,2,50
cb9e8ea3-83c2-44d2-aec0-e7d1b0d889ed,2025-12-19 01:35:17.000000,103,2,500
35e27528-77d5-4b0d-a839-b0a58398b22b,2025-12-23 19:51:59.000000,103,3,750
e4475ff0-b606-4206-bc61-736a6dc7807a,2025-12-17 13:35:20.000000,102,3,195
c22258a1-873a-4a98-9a1b-f42fe326be5b,2025-12-16 06:03:14.000000,102,2,130
95bbe2fe-4cf7-4aa7-8297-d6f6c517a212,2026-01-06 03:52:53.000000,101,2,240
2d5c0454-2c2e-47d1-aa8c-1e57ad258be4,2025-12-17 19:41:56.000000,104,2,50
987acc6e-68e6-4bd0-9ae7-057000ef9a5e,2025-12-12 03:41:27.000000,104,3,75
c56c2d26-fd53-4404-8d31-3d1d74bd4ea3,2026-01-06 08:41:34.000000,101,3,360
fe2b5dcb-6b60-4db7-a351-61888f2da2f7,2025-12-22 10:51:41.000000,102,1,65
95c43eae-caac-4e5d-a2ba-93c9c710a304,2025-12-27 20:48:27.000000,103,1,250
281e6f3a-4d58-4e14-a05d-cb6229f6095f,2025-12-15 23:10:07.000000,103,2,500
90233d45-6475-4c63-9941-b78df0b458d6,2025-12-12 15:00:37.000000,102,3,195
dd8d3593-8b5f-434a-a75b-14eb23fd58a8,2025-12-28 12:09:54.000000,102,2,130
03151417-1a3e-4e20-a25d-6c2a53e41404,2026-01-06 11:07:05.000000,101,2,240
76ac1684-2309-4f5f-8eeb-7e100e5bc661,2025-12-19 06:59:08.000000,102,3,195
ae36c031-5a40-4f7d-8a73-786eaabc6ae1,2025-12-21 02:44:28.000000,102,2,130
501521ae-a3eb-4137-bfc1-0edf9969f2a3,2025-12-12 16:25:25.000000,101,1,120
9adecb89-9b48-472f-b5de-d374d59b6195,2026-01-08 02:59:09.000000,101,3,360
856bf911-04cb-4594-997c-7b938d09e5e0,2026-01-04 09:54:36.000000,101,1,120
3fde8257-a2bb-4159-ae8a-66ed02a2d9df,2025-12-28 06:35:57.000000,103,2,500
956cf308-f2d0-4e58-9919-b6b9678a1d46,2026-01-01 05:49:51.000000,104,1,25
51e09f1f-09d4-46dd-92e0-16912072965e,2026-01-04 12:28:23.000000,103,2,500
abe3ce10-d168-40de-9f50-b039756b0373,2025-12-22 19:26:37.000000,102,2,130
7a7ca3a4-601c-4032-812c-111eea1bf712,2025-12-29 05:55:54.000000,103,3,750
4dcf5502-99b9-472b-9a32-da736b8b2fd3,2025-12-21 09:08:27.000000,102,3,195
75983af3-678a-4092-a4fd-de6f5ca1d817,2025-12-26 13:59:11.000000,104,2,50
6f212784-aa8a-4e89-9d58-756ab66eb402,2025-12-20 04:51:21.000000,103,3,750
aa8fea03-9c90-44c6-b3f2-e6b72ed5e501,2025-12-21 00:31:42.000000,104,1,25
b118e090-b929-4a83-961a-fc91bb910e25,2026-01-02 10:28:56.000000,104,2,50
38a1cd7c-dbeb-40f0-bdc3-c4e483c3e907,2025-12-17 22:29:53.000000,103,3,750
52c51a93-f375-4da1-b8ac-2ce9953ee865,2025-12-13 17:25:03.000000,102,2,130
2bbf49d5-a58a-4453-a69a-643f29254a60,2026-01-02 14:08:50.000000,102,1,65
5ac92796-32ab-4b9a-9845-b4434fc9ff95,2025-12-22 20:44:21.000000,102,2,130
86810a1d-86e6-4a45-bfdb-c1fb75f7951c,2026-01-04 22:23:38.000000,102,3,195
7bf2677e-21a4-4d94-b275-d2169e4492eb,2025-12-19 17:09:27.000000,102,2,130
678bf373-1182-4f13-84fb-ca807453cbb6,2025-12-16 04:58:57.000000,102,2,130
13a20d91-7944-40f4-98db-ccdf8752c66b,2025-12-29 13:03:48.000000,102,1,65
bfe82480-0b1f-457f-b94f-e962581f5fd5,2025-12-31 15:47:35.000000,104,3,75
553395c7-7c58-4022-8916-7c9ff6113d0d,2025-12-20 21:23:06.000000,102,1,65
a700ba3a-fd21-4a9d-a776-30d430f1e464,2025-12-12 16:14:45.000000,102,3,195
7577743c-a5ba-4b4e-ac5f-83694b8a8b4e,2025-12-19 18:01:27.000000,102,2,130
cd4e62c2-4246-4b0c-8902-fb79184cfd6f,2025-12-22 13:30:23.000000,102,2,130
c3b23330-370f-4893-a1ae-8cfcb6bd2477,2026-01-07 13:09:08.000000,101,3,360
6a214fac-06ce-4c6b-b839-533a2df84e0b,2025-12-24 19:22:15.000000,104,3,75
b035131d-65b9-42cb-905a-61ea368191ca,2026-01-04 13:29:08.000000,102,3,195
b8974379-a484-4243-ab48-e87d76a89a50,2026-01-06 06:08:43.000000,104,1,25
bf651496-1af9-4802-ad91-688340e8e701,2025-12-22 21:24:06.000000,104,2,50
69dbad4f-c3f8-4ffa-9ef2-b50405900e68,2026-01-02 14:24:38.000000,101,1,120
68a1cc34-4029-47f0-ba14-167dcd118d0e,2025-12-17 15:09:43.000000,103,2,500
5d31e9cd-5d69-4659-bdaa-2aca875eb2af,2026-01-05 10:24:40.000000,104,1,25
e865513f-e9cd-4331-86e2-c96399c7cd83,2025-12-26 04:13:49.000000,103,1,250
7cbbd29b-5016-438b-9296-b73ac8599bd6,2026-01-01 12:01:08.000000,102,1,65
8e5dd3e0-6c31-427a-ad8a-2fc50284d1c0,2025-12-17 12:52:47.000000,103,1,250
eea99ab0-9137-4a42-85bb-6c53a149ffc3,2026-01-06 10:50:56.000000,104,3,75
5d1c9ab2-80ab-4d8e-a986-7156f208cf9c,2025-12-20 06:20:51.000000,102,1,65
0dda4584-e48b-4ebb-9ccb-15742b52fc73,2026-01-07 16:05:45.000000,104,1,25
3f9a387e-c64e-4a45-a308-4bfe5f2d62a1,2025-12-21 01:40:43.000000,102,1,65
07e80709-1565-4a74-94cb-7e9b36fac7b3,2025-12-14 16:26:33.000000,103,3,750
f6d036e3-65b2-47c9-9428-ff6dff07b510,2026-01-08 15:47:30.000000,103,1,250
3aeb5b27-ff43-4f74-9d15-5709e1c235bb,2026-01-02 19:14:20.000000,101,3,360
1202d544-aa19-4c35-a473-2384db2d981f,2026-01-05 21:34:06.000000,103,1,250
da31aaeb-5038-4ecf-b3aa-6fa079f0077b,2025-12-19 05:49:26.000000,104,3,75
5e10720e-8b6c-4ba4-88e5-41d5f74ceb4a,2025-12-21 12:59:32.000000,104,2,50
7bff8e47-96af-41f8-96f9-9ecc6d8e6f48,2025-12-10 08:38:01.000000,102,2,130
ac5b69ee-ad59-434b-92cd-ea52cc61bcd2,2025-12-24 01:16:48.000000,102,3,195
9cf21137-34cc-4d4f-bcc8-f45dfa4ee4db,2026-01-06 14:45:39.000000,102,3,195
852555fd-1ac8-4875-9f54-093e91702141,2025-12-10 06:11:43.000000,104,3,75
7b50d283-12ea-4f79-950e-6b3820957926,2025-12-12 18:19:51.000000,101,1,120
2f718531-e41d-4b1e-b909-bddba59891b9,2026-01-01 19:40:54.000000,102,1,65
284464fc-10e9-4021-9cbe-29ea6676006b,2025-12-10 04:48:57.000000,101,3,360
048f295f-3144-49b3-a58c-b90c6bcf55b2,2025-12-24 20:36:13.000000,103,3,750
28a1a42a-e5a4-4360-bd54-4e8783b9dcf9,2025-12-23 12:18:44.000000,104,2,50
66b82839-c2cc-494d-9839-4022ba1bc04c,2025-12-23 00:21:11.000000,101,2,240
6fbd84f0-450a-43d6-bc31-b3dd2adf247a,2026-01-08 05:44:27.000000,102,2,130
ac623cab-398d-4376-b767-20e62c3f77be,2025-12-09 19:48:43.000000,103,3,750
a509ee95-0aee-4607-a30f-393cceafa7f9,2026-01-07 10:32:26.000000,102,3,195
eeda772e-e6f4-4b84-b500-54ec9255f76f,2025-12-22 03:30:26.000000,104,1,25
492ec39c-3ab1-48b0-b08b-024f18227697,2025-12-13 23:07:35.000000,104,3,75
e4a68671-be2d-4d3a-bc29-119bfb0fddf9,2025-12-12 04:26:44.000000,103,2,500
e7788d07-1160-45e1-9544-c0dab9da5824,2026-01-03 11:58:07.000000,101,1,120
d6fc2a38-68c5-4e9d-9c33-d86e4d24e194,2025-12-18 19:20:08.000000,101,1,120
8ad29503-7086-4600-9a19-163ddaa2f468,2025-12-22 01:46:55.000000,102,1,65
29cca535-9cfa-40a5-804a-a1548b720e2a,2026-01-05 01:03:40.000000,101,3,360
1b23469a-e4d1-408b-8b30-c58b8abc2c82,2025-12-21 03:54:25.000000,104,3,75
a692207a-7e14-405d-8838-a5337dbf39df,2025-12-13 19:10:13.000000,101,1,120
e8d0dd5c-d182-4eb6-ab91-7fefdccd76d4,2026-01-01 17:40:44.000000,104,3,75
eadf238a-6dbe-4793-9284-ef2229a54c40,2026-01-04 06:14:10.000000,101,2,240
f35232a7-14cd-467b-b2cd-216d8afbdd34,2025-12-26 05:43:51.000000,103,1,250
54205490-e312-4008-9300-123aa99dab25,2026-01-06 03:20:35.000000,101,2,240
3851d1ad-0b3a-4837-b9bf-c1bcf53a2e9c,2026-01-02 18:55:21.000000,102,2,130
a3bae8df-2edd-4f0c-a90a-3dced2649dd6,2025-12-27 18:14:05.000000,104,2,50
74c351c0-3669-4354-b7b4-c9599c1ebc3b,2026-01-02 00:29:15.000000,102,2,130
812332ea-cd40-4127-a804-60c8263669ed,2025-12-21 15:23:57.000000,103,1,250
1daf2c11-2365-45a8-8d77-f27c1ecf0273,2026-01-05 05:00:50.000000,101,1,120
af198bcb-df81-4cfb-b2b3-34aea244fe7e,2025-12-16 08:42:13.000000,104,2,50
f13e72b2-4f09-4907-9f09-2bd6f4d283d7,2025-12-16 07:20:58.000000,101,2,240
812fe819-50d4-4c23-87b3-5207dbe26388,2025-12-16 21:53:49.000000,101,3,360
f30ee2cf-c32f-43db-9da0-707aeacbe121,2025-12-23 12:25:01.000000,104,1,25
a6e45c1f-23a9-4bd5-899f-7026cafe7702,2025-12-16 03:32:53.000000,101,1,120
1208a3cf-1288-4bba-b469-4a743df81228,2025-12-18 01:47:50.000000,103,1,250
4d520e7a-2ba5-4394-b65a-8e91d3289509,2025-12-23 15:01:25.000000,102,3,195
4d3ea6e5-9a0d-43bf-bb00-bac45c51d286,2025-12-27 10:53:27.000000,103,1,250
a8e982e4-9a1a-4e36-9ec4-653478fe6723,2025-12-17 09:26:20.000000,102,1,65
d30f4db9-60cd-40b1-81a5-e93f8a73734f,2025-12-22 11:19:46.000000,101,1,120
7a81d92b-44a6-443a-8d4d-32b4a42a13fe,2025-12-17 17:07:29.000000,104,1,25
e67b82be-83d3-4021-ad1e-0ebf6e0995b2,2025-12-21 16:21:26.000000,103,2,500
c36413a7-fa91-49b9-ae93-fabc99f81a52,2025-12-27 00:45:52.000000,101,1,120
c813c021-867e-46c1-aac5-4ec770799595,2025-12-18 11:47:46.000000,102,2,130
5800634f-3aa5-40a1-8984-ec18112ef0a0,2025-12-16 23:50:17.000000,103,2,500
68357ec0-941b-4326-b1d8-10d6035d97c0,2025-12-13 11:38:53.000000,101,1,120
f1a43528-6f0b-4fea-8509-1a5f2f0c9fba,2026-01-01 07:58:20.000000,101,3,360
bdac12c5-497b-4886-b71d-eec3bab75f33,2025-12-28 16:58:11.000000,103,1,250
a63add9f-12a0-4a64-b943-95acb76afbfc,2025-12-25 00:58:36.000000,104,1,25
6afa2968-6197-41b6-90f8-d4f930cf0429,2025-12-13 13:27:41.000000,101,3,360
0dba98eb-376e-4411-b8c2-b06f0801b586,2025-12-25 13:33:56.000000,102,2,130
9946d60e-de9a-4c25-982b-1fd42992ca8f,2026-01-06 11:23:44.000000,102,1,65
aad5b13c-7e1c-419e-93ee-9bc6f5305640,2025-12-28 14:26:48.000000,104,2,50
27b140b5-0641-4307-9f4b-a6bde29b0040,2025-12-30 02:06:11.000000,102,1,65
6be6c6f7-308c-4621-bb76-b8f9d662e0a2,2026-01-08 01:34:12.000000,101,2,240
70d3c013-fd43-4483-b8ec-9e5e49c28414,2025-12-30 18:25:11.000000,103,3,750
966bf545-9b3c-4584-82dd-86d8e709c06e,2025-12-23 04:50:32.000000,104,1,25
